,MODEL,C,Epsilon,Kernel,R2_fold1,R2_fold2,R2_fold3,R2_fold4,R2_fold5
0,SVR,0,0.0,lineal,0.0,0.0,0.0,0.0,0.0
1,SVR,5,0.1,linear,-0.05284721854625407,-0.04678922172010891,-0.06847733811811785,-0.08137120802807396,-0.056681651708494485
2,SVR,5,0.2,linear,-0.04896414703089569,-0.03579835332699188,-0.06816544684070625,-0.0808765296466687,-0.055114180740166274
3,SVR,5,0.3,linear,-0.04352485181219223,-0.035040853229895585,-0.06798716890922907,-0.07946612234835237,-0.050785410831635236
4,SVR,5,0.4,linear,-0.036488322919295824,-0.027980988550737163,-0.06426540572340134,-0.07836337067900345,-0.04680379170219151
5,SVR,5,0.5,linear,-0.030350557095074837,-0.022058711031610168,-0.06387699776851163,-0.07424011680093456,-0.041513849363076005
6,SVR,10,0.1,linear,0.08745916919469798,0.09458973130285053,0.057236849748556695,0.036084555445993205,0.06392543928596872
7,SVR,10,0.2,linear,0.08782567933354124,0.09507101349461011,0.057618297523206685,0.03644587731156279,0.06474568543185732
8,SVR,10,0.3,linear,0.0882285537426144,0.09647335677798041,0.05830531120667137,0.037388378280391876,0.06552132428655266
9,SVR,10,0.4,linear,0.08938530660913258,0.09862945839783033,0.05873234397321625,0.038936015177706396,0.06629611331102392
10,SVR,10,0.5,linear,0.09189099049808025,0.10431295246384142,0.06012234729077637,0.03955240138616012,0.0697609771667197
11,SVR,15,0.1,linear,-2.722501302410422,-2.6024903328701283,0.20249860615335835,-2.2387258622045736,-2.570232294481066
12,SVR,15,0.2,linear,-2.7207005788495717,-2.6032745807476294,0.20308101440207993,-2.2355472444755073,-2.5647387811696847
13,SVR,15,0.3,linear,-2.7200579796083924,-2.5991931909502934,0.20392335635635672,-2.2228274540497606,-2.561776567891258
14,SVR,15,0.4,linear,-2.720754658906095,-2.5933475545423894,0.2043284632863155,-2.2165740783764085,-2.5598963173274494
15,SVR,15,0.5,linear,-2.7173146983966547,-2.6313270049393007,0.2090732611491789,-2.2136846912584347,-2.5588185401607864
16,SVR,20,0.1,linear,-2.8961505754383423,-2.471177563261033,-2.4238128719577947,-2.422356170039926,-2.8711087830872954
17,SVR,20,0.2,linear,-2.8942329631910737,-2.4678597516365075,-2.4190848959440285,-2.4187761156499605,-2.8705198768639817
18,SVR,20,0.3,linear,-2.8929908046665864,-2.506800404726766,-2.4151111822954476,-2.4158956594301486,-2.864874101151531
19,SVR,20,0.4,linear,-2.891573935870698,-2.4658541973849553,-2.4117548019651647,-2.4129916234159543,-2.8624119530521392
20,SVR,20,0.5,linear,-2.8855589729506543,-2.5044399044068126,-2.4135953348846857,-2.4124764818819298,-2.9094337807546657
21,SVR,25,0.1,linear,-2.826240094925788,-2.68602369178426,-2.704014905865579,-2.27856969267441,-2.6879598236880096
22,SVR,25,0.2,linear,-2.8223258900946537,-2.6808409137792393,-2.697963719779807,-2.274423042187153,-2.6863975882100495
23,SVR,25,0.3,linear,-2.8208245983497773,-2.6791470697203783,-2.6962498724961885,-2.2699874132388684,-2.6797032345465506
24,SVR,25,0.4,linear,-2.819107514194906,-2.6757285289643313,-2.6941885099884963,-2.2655722700723833,-2.6710056548352274
25,SVR,25,0.5,linear,-2.816620354794248,-2.6717046073058164,-2.6948128235236646,-2.264751435565092,-2.6694986251684787
26,SVR,30,0.1,linear,-2.569098139775708,-2.569659158410294,-2.540372506245781,-2.102424504725654,-2.5310838590792115
27,SVR,30,0.2,linear,-2.5658988949476993,-2.56279733468364,-2.5355731532521966,-2.0947138728818366,-2.5279141227024207
28,SVR,30,0.3,linear,-2.5641901770784665,-2.5597545752874016,-2.5334887685965084,-2.08726753742504,-2.52170121329615
29,SVR,30,0.4,linear,-2.56321256238246,-2.556734447093686,-2.530731683102056,-2.0825659040932356,-2.5182580592576285
30,SVR,30,0.5,linear,-2.559318142021383,-2.5513725861284606,-2.52743248959811,-2.0804319567383893,-2.515326035594159
31,SVR,35,0.1,linear,-2.4452002391607763,-2.3967262793477038,-2.359831003025569,-1.9427102282721553,-2.3840068524703546
32,SVR,35,0.2,linear,-2.4404415684470075,-2.391383503974798,-2.355471210762416,-1.9357979266265732,-2.3824295898125114
33,SVR,35,0.3,linear,-2.437731194824208,-2.38888408224262,-2.3531296532908956,-1.9302173390594008,-2.375355281545953
34,SVR,35,0.4,linear,-2.435221154504689,-2.3854761416920085,-2.3500262092696644,-1.92526967669941,-2.3737908624606257
35,SVR,35,0.5,linear,-2.4307461967744026,-2.379384462795906,-2.3377810411203868,-1.9231719110524073,-2.3678282090113507
36,SVR,40,0.1,linear,-2.24741689608713,-2.2168496527874852,-2.1923509980151374,-1.7771449286230903,-2.1264409577874477
37,SVR,40,0.2,linear,-2.2414881195282543,-2.2122541019701285,-2.1868961027677987,-1.769926766421726,-2.1234890189121445
38,SVR,40,0.3,linear,-2.2385081351593445,-2.208956936067014,-2.183457853341466,-1.7619039372733636,-2.1146037726141578
39,SVR,40,0.4,linear,-2.235749899795253,-2.205195240837031,-2.1813408952681597,-1.7574920782203862,-2.1129102437658336
40,SVR,40,0.5,linear,-2.2298660440297544,-2.199998768110247,-2.175582775010622,-1.753987266159041,-2.107513933071774
41,SVR,45,0.1,linear,-2.0483942987823167,-2.037838103491388,-1.992965900713525,-1.6247990990054064,-1.9545136764558277
42,SVR,45,0.2,linear,-2.0409341407743953,-2.0301342427116804,-2.0023541986258904,-1.618772371308173,-1.952922498675136
43,SVR,45,0.3,linear,-2.038471062430063,-2.0260217877265516,-1.9961653372637858,-1.610283737853584,-1.9448907136500933
44,SVR,45,0.4,linear,-2.0347325079785326,-2.0276804186712765,-1.9921873740770106,-1.607463662517144,-1.9397312886831766
45,SVR,45,0.5,linear,-2.0270854521192505,-2.020887239871998,-1.9897792204724776,-1.5993044855145437,-1.9337712258829485
46,SVR,50,0.1,linear,-1.9186806302483594,-1.8842361354329524,-1.8852209113686857,-1.4767333526058932,-1.79579053294127
47,SVR,50,0.2,linear,-1.9141863411795765,-1.8773406315685306,-1.878870502477966,-1.4690779967148067,-1.7883464248000451
48,SVR,50,0.3,linear,-1.91152840292838,-1.873090220951295,-1.8750692496568004,-1.4609429555924356,-1.7805197677893707
49,SVR,50,0.4,linear,-1.9074873935438923,-1.8708892179531613,-1.8678692127804326,-1.4862351389869426,-1.7767651751133058
50,SVR,50,0.5,linear,-1.9030397308759994,-1.8616432296767007,-1.8631031044101536,-1.4821564389078317,-1.7718426735127295
51,SVR,55,0.1,linear,-1.699838231197203,-1.8131082430057335,-1.6769535252087344,-1.3587436648329696,-1.6402362874269967
52,SVR,55,0.2,linear,-1.6956779160772397,-1.8065344866314725,-1.6723007679578847,-1.3524120173527798,-1.6342877925534331
53,SVR,55,0.3,linear,-1.6928890668808725,-1.8051618682694475,-1.668300793324419,-1.3426251289865174,-1.6239674683164944
54,SVR,55,0.4,linear,-1.6886434612789492,-1.8013281262593455,-1.660712239680263,-1.3374323121190748,-1.6174487448296446
55,SVR,55,0.5,linear,-1.682532625994741,-1.7923394635343772,-1.6557412394039281,-1.3320432618362839,-1.6086129286867203
56,SVR,60,0.1,linear,-1.5584604486414273,-1.555862003184898,-1.5237644481055366,-1.187693090135662,-1.4615819254223643
57,SVR,60,0.2,linear,-1.53842627538166,-1.5465253444488374,-1.5207963772454107,-1.17247084528947,-1.4559939173973184
58,SVR,60,0.3,linear,-1.535496234467213,-1.5451164918903455,-1.5165861434246328,-1.1638702408612192,-1.4463218667083177
59,SVR,60,0.4,linear,-1.5310307884339873,-1.5428871669410307,-1.5081805289710442,-1.1607358130672902,-1.4394966635846198
60,SVR,60,0.5,linear,-1.5251355828509592,-1.5347770117145267,-1.5052729165101022,-1.155122462641696,-1.4339720659753024
61,SVR,65,0.1,linear,-1.4006400828320609,-1.532546085278772,-1.378070441711686,-1.0498844126517306,-1.3214392906981338
62,SVR,65,0.2,linear,-1.3907273818060495,-1.5248589402134534,-1.3720903638588378,-1.036806844903018,-1.316579739428462
63,SVR,65,0.3,linear,-1.3876694607921727,-1.5233531282025887,-1.3688692709357992,-1.027843966963641,-1.3078332746032584
64,SVR,65,0.4,linear,-1.3804609501726812,-1.5183480447167814,-1.3606160314424245,-1.0255671705829594,-1.3065289259742165
65,SVR,65,0.5,linear,-1.3736306976050439,-1.5092828451689226,-1.355308176340659,-1.0213160068420772,-1.299421850311285
66,SVR,70,0.1,linear,-1.2579916220669025,-1.2778998158870118,-1.2496642272209213,-0.9208790941494742,-1.1974764422324844
67,SVR,70,0.2,linear,-1.2487781683613837,-1.269067665288794,-1.2456566399246394,-0.905570097805618,-1.1917742247752057
68,SVR,70,0.3,linear,-1.2468307695469343,-1.2651958096814733,-1.2423056751118202,-0.8953977615331599,-1.1816260040394488
69,SVR,70,0.4,linear,-1.2381250388648226,-1.2601279786738675,-1.2359336756071957,-0.8919019091951923,-1.1763858286251896
70,SVR,70,0.5,linear,-1.230767549915067,-1.2438319913702727,-1.2290507408920512,-0.8882781753247748,-1.169926799550932
71,SVR,75,0.1,linear,-1.1541986264525375,-1.080291428618485,-1.1683198648580695,-0.7944633075899874,-1.0458852306779027
72,SVR,75,0.2,linear,-1.1469064464281145,-1.0699693512748873,-1.1651433295021816,-0.7830208680007567,-1.0403416196412216
73,SVR,75,0.3,linear,-1.1468030456284803,-1.068431483500207,-1.160673812055975,-0.7599879885294285,-1.0227769874230197
74,SVR,75,0.4,linear,-1.1405263037003266,-1.063284128673533,-1.154010520615977,-0.7544073144005987,-1.0174134284871692
75,SVR,75,0.5,linear,-1.130856514255603,-1.0543990716578704,-1.1440333934125984,-0.7503922920095751,-1.0084002471618727
76,SVR,80,0.1,linear,-0.940175762297895,-0.9024769095078091,-1.0771233746140645,-0.6516191105328131,-0.9564312345675168
77,SVR,80,0.2,linear,-0.9330685533780236,-0.8949202852770926,-1.0715536919834605,-0.640614754741335,-0.9531193789159671
78,SVR,80,0.3,linear,-0.9329712702579129,-0.8933681617909475,-1.0679260405850162,-0.6295116290582676,-0.9455789699308459
79,SVR,80,0.4,linear,-0.9262042698143835,-0.8881585123294953,-1.0610165912724647,-0.6257209783808235,-0.9408237561039203
80,SVR,80,0.5,linear,-0.9171408961143268,-0.8879869419357325,-1.0529075514498007,-0.623386057604806,-0.9325149996295272
81,SVR,85,0.1,linear,-0.8563326015396142,-0.7869557936134925,-1.029810869010662,-0.5773660514696313,-0.8541122544855133
82,SVR,85,0.2,linear,-0.8505269565302549,-0.7745108365339957,-1.0222272197288493,-0.5646848838936362,-0.8489314267515082
83,SVR,85,0.3,linear,-0.8504318290807871,-0.7729318800450746,-1.0173591111741915,-0.5546164896144876,-0.834455931011052
84,SVR,85,0.4,linear,-0.8398456700849737,-0.7698166936750939,-1.0141530100030636,-0.5465395407353408,-0.829728483952501
85,SVR,85,0.5,linear,-0.8327861896600344,-0.7625690980578588,-1.004991684676984,-0.5418439700357269,-0.8186780223241621
86,SVR,90,0.1,linear,-0.7825537212216318,-0.7316383435463754,-0.9285667743735142,-0.45199212875009276,-0.7478237582876825
87,SVR,90,0.2,linear,-0.775354764175278,-0.7198520709964846,-0.9185943290205816,-0.44128860142319515,-0.7430866500054782
88,SVR,90,0.3,linear,-0.7732142940747104,-0.7182219639571132,-0.6686941077751447,-0.4269516339628734,-0.7322280103891012
89,SVR,90,0.4,linear,-0.7710137319712727,-0.7139706819529392,-0.6656511327933616,-0.42232270107587366,-0.7257926559357641
90,SVR,90,0.5,linear,-0.7643184048172207,-0.7030451955375043,-0.6567121716197191,-0.4211695061956997,-0.7215919181356498
91,SVR,95,0.1,linear,-0.563279176145526,-0.5560744301747778,-0.6298843996930155,-0.33673218768244073,-0.501263265544686
92,SVR,95,0.2,linear,-0.5536160158158094,-0.5460143546852927,-0.6212594593409642,-0.3164888349784869,-0.4996105502051571
93,SVR,95,0.3,linear,-0.5535302676551888,-0.5412091097946037,-0.6198092567648581,-0.30659491559404595,-0.49452650877153226
94,SVR,95,0.4,linear,-0.5547008675419296,-0.5386367818212514,-0.616670114061193,-0.3019679580299517,-0.488304014283353
95,SVR,95,0.5,linear,-0.5459273411797854,-0.5283536741010504,-0.6058927008492845,-0.3035354224898603,-0.48355844842271556
96,SVR,100,0.1,linear,-0.4458158242147534,-0.4040872882838509,-0.569271200820036,-0.22859790498705834,-0.454518271015969
97,SVR,100,0.2,linear,-0.4332063503838155,-0.39350016921972975,-0.5599470825523858,-0.22076988584458923,-0.45171490422210203
98,SVR,100,0.3,linear,-0.43312465306464576,-0.38876594726364844,-0.5555825214724797,-0.21151767159545942,-0.43822847191015146
99,SVR,100,0.4,linear,-0.4288997026827046,-0.3877781124260167,-0.5523771040869616,-0.20054131877596482,-0.43224783136739386
100,SVR,100,0.5,linear,-0.419310929795663,-0.37162465691414925,-0.5458539942135316,-0.1979820411799713,-0.42377421038811747
101,SVR,5,0.1,poly,-0.2044607296094345,-0.2052885786667673,-0.2062747735265349,-0.21258821209396483,-0.20421312192896313
102,SVR,5,0.2,poly,-0.20445843113903628,-0.2052882901058528,-0.20623039187305592,-0.21262569511957863,-0.20421072894614545
103,SVR,5,0.3,poly,-0.204462296533664,-0.2052813786110126,-0.20621967863340096,-0.2125627548504494,-0.20420247100395383
104,SVR,5,0.4,poly,-0.20446810027216755,-0.20529099615922686,-0.20622137657915962,-0.2126322630338624,-0.20419985993320533
105,SVR,5,0.5,poly,-0.2044467589676109,-0.2052830917035915,-0.20619821626994095,-0.21258954409176134,-0.2041010511841317
106,SVR,10,0.1,poly,-0.19666388353008446,-0.1977930771748717,-0.1984396929562755,-0.2060054495021464,-0.1965494702955417
107,SVR,10,0.2,poly,-0.1966513975194064,-0.19779453345244202,-0.19835425285609265,-0.20607899812033859,-0.19654475622662138
108,SVR,10,0.3,poly,-0.19666882174127842,-0.19777887687793227,-0.19833309689736334,-0.2059556924628927,-0.19652558024579259
109,SVR,10,0.4,poly,-0.1966723268362398,-0.19779778640668733,-0.19833643079815655,-0.20609193885730526,-0.19652042540607262
110,SVR,10,0.5,poly,-0.19663028892859558,-0.19778218078580445,-0.1982908247590187,-0.20600800778655226,-0.19630188634934087
111,SVR,15,0.1,poly,-0.18901043901707637,-0.19043329106116413,-0.19074859164816682,-0.19952214221997022,-0.18902216469894384
112,SVR,15,0.2,poly,-0.18899206008906577,-0.19043538183265962,-0.19062309841213998,-0.19963033899770766,-0.18901520146223172
113,SVR,15,0.3,poly,-0.18901748361336757,-0.19041226254873744,-0.19059482281871465,-0.19944924283274745,-0.18898695970359736
114,SVR,15,0.4,poly,-0.18901014405425065,-0.19041947037224327,-0.19059677103683326,-0.19964945746575746,-0.18897932839668363
115,SVR,15,0.5,poly,-0.18896077644115006,-0.19041682489272915,-0.19052938969658295,-0.19952582107979677,-0.18865711242406413
116,SVR,20,0.1,poly,-0.1815034658381065,-0.18322824105469504,-0.18320146960220884,-0.1931382902474399,-0.18162440206063524
117,SVR,20,0.2,poly,-0.1814794273847602,-0.18323587159940669,-0.18303770117316986,-0.19327971775168584,-0.18162356877206887
118,SVR,20,0.3,poly,-0.18151237500581785,-0.1832007035523484,-0.1830006013372556,-0.19304789186083893,-0.18158660937737103
119,SVR,20,0.4,poly,-0.1815027395746478,-0.18323715299351395,-0.18300313895488762,-0.19330481885921813,-0.1815765689050386
120,SVR,20,0.5,poly,-0.1814382215052759,-0.18319273749488296,-0.18291466745916485,-0.19314298397149732,-0.18115440442484854
121,SVR,25,0.1,poly,-0.1741453920715046,-0.17615156319498015,-0.1757983268183987,-0.1868538935845534,-0.17437087819608177
122,SVR,25,0.2,poly,-0.17411579107344966,-0.1761608735830993,-0.17559806113918164,-0.18702713438227248,-0.17436985815613215
123,SVR,25,0.3,poly,-0.17415578816774446,-0.17612250062706925,-0.17555243753843564,-0.18674370075167723,-0.17432452926710895
124,SVR,25,0.4,poly,-0.1741214323349627,-0.17616238876464663,-0.17555553455232098,-0.18705802303768726,-0.17431214693113617
125,SVR,25,0.5,poly,-0.1740649565135428,-0.17610762057760798,-0.17545159663163212,-0.18685949646165345,-0.17379376235169652
126,SVR,30,0.1,poly,-0.16693179104449207,-0.1692136810828786,-0.16853916329674035,-0.18066895223130985,-0.16725526777745148
127,SVR,30,0.2,poly,-0.16689697074633525,-0.16922458019729714,-0.1683041783101742,-0.1808725888894689,-0.16725677348850398
128,SVR,30,0.3,poly,-0.16694354178218962,-0.16917930520094937,-0.16825033142225942,-0.18054008701230395,-0.16720071937281467
129,SVR,30,0.4,poly,-0.1669034536354972,-0.16922629454185145,-0.16847986758055766,-0.18090907000116485,-0.16718606247497791
130,SVR,30,0.5,poly,-0.16683672752027623,-0.16916147414090466,-0.16813137177215065,-0.1806753585502643,-0.16657518620460765
131,SVR,35,0.1,poly,-0.15985143491599207,-0.1624145947183917,-0.1614239790372307,-0.17478213868798154,-0.16027757080474392
132,SVR,35,0.2,poly,-0.15982315463769048,-0.1624269914420018,-0.16115605268615063,-0.17481608127327397,-0.1602804364808068
133,SVR,35,0.3,poly,-0.15987750649414667,-0.1623750719222976,-0.16109428298872208,-0.17443705064272708,-0.16021517969448462
134,SVR,35,0.4,poly,-0.15983206565109187,-0.16243558272110925,-0.16135609314825983,-0.17485795974965113,-0.1602022201746487
135,SVR,35,0.5,poly,-0.1597554375322332,-0.16235429818477254,-0.16095788774133135,-0.17381241644262357,-0.15949867598357836
136,SVR,40,0.1,poly,-0.15292917874066814,-0.15575430410151903,-0.15445277403987112,-0.16881938875623015,-0.15347443701782093
137,SVR,40,0.2,poly,-0.15289729052221368,-0.1557681073172137,-0.15415368426710807,-0.1688576115336884,-0.15345149364070876
138,SVR,40,0.3,poly,-0.15295768230361362,-0.1557098007911164,-0.15408429223782827,-0.16843459164294394,-0.1533786669708581
139,SVR,40,0.4,poly,-0.15296554959656694,-0.15577765383900632,-0.15437666724856025,-0.16890469228314564,-0.1533644753204264
140,SVR,40,0.5,poly,-0.15282108654940862,-0.15568609270921407,-0.15383082754793165,-0.1677321337231361,-0.1531348421188865
141,SVR,45,0.1,poly,-0.14615345679444824,-0.14923280923226145,-0.14762554830466268,-0.16295481888823593,-0.14675225810868353
142,SVR,45,0.2,poly,-0.14611806866074084,-0.14924792782293084,-0.14729707305304762,-0.1626825930291087,-0.14675501874149166
143,SVR,45,0.3,poly,-0.14618406921059357,-0.14918349180740198,-0.14722035916957577,-0.1625327100129521,-0.146676688385595
144,SVR,45,0.4,poly,-0.14619342953953884,-0.14925836156668337,-0.14754158988146004,-0.16304926760164884,-0.1464776908414278
145,SVR,45,0.5,poly,-0.14603367457180627,-0.1491558510141937,-0.1469400992915435,-0.16175528080780577,-0.14640536541591564
146,SVR,50,0.1,poly,-1.663611560923386,-0.14285011011061743,-1.5441094086246872,-0.1571884290839971,-1.6125424039556453
147,SVR,50,0.2,poly,-1.6641513309867717,-0.1428664529591539,-1.5422378027758645,-0.1568927544248817,-1.6092808910703886
148,SVR,50,0.3,poly,-1.6638142407650136,-0.14279614497115722,-1.4992170139023688,-0.15673140575275313,-1.5972673142662854
149,SVR,50,0.4,poly,-1.6695641244231036,-0.14287770590414262,-1.5521156874003759,-0.155875309099466,-1.597136093771205
150,SVR,50,0.5,poly,-1.6638960432863006,-0.1427653192010112,-1.5004309872400334,-0.1558818576966312,-1.5390101450755473
151,SVR,55,0.1,poly,-1.2240359180444575,-1.3962742354217093,-1.1160021648823388,-0.15152021934351634,-1.1868428274080949
152,SVR,55,0.2,poly,-1.2197198694080353,-1.3821824450976963,-1.1133748772346945,-0.1512024555879503,-1.1852785216565844
153,SVR,55,0.3,poly,-1.2216908560368585,-1.3848980304803389,-1.0708057575278844,-0.15104541071676203,-1.1840911518032473
154,SVR,55,0.4,poly,-1.2260448109260818,-1.3783903194298013,-1.072982636386259,-0.1501048621813339,-1.1326061829332863
155,SVR,55,0.5,poly,-1.222953826053217,-1.3510006452688668,-1.0666352351373298,-0.15011186438961377,-1.126451142885685
156,SVR,60,0.1,poly,-0.8302440899693915,-1.0162477141992974,-0.7490477473428812,-0.1459501896667914,-0.8078930179663231
157,SVR,60,0.2,poly,-0.8276257467182875,-1.0026284954084206,-0.745036095545597,-0.14561169651831363,-0.8080471076360825
158,SVR,60,0.3,poly,-0.8292424002540533,-1.0077787973913508,-0.7087613833530428,-0.14500386728757508,-0.762312175579708
159,SVR,60,0.4,poly,-0.8322052453478448,-1.011514667716356,-0.7061430347731861,-0.14443788165801208,-0.7599813385156979
160,SVR,60,0.5,poly,-0.8359810347129322,-1.0021021084187618,-0.7024536900032512,-0.14446746234349317,-0.7505836190289936
161,SVR,65,0.1,poly,-0.5331594508919044,-0.663512817791104,-0.48307419886514036,-1.7112595738167529,-0.5230624860226261
162,SVR,65,0.2,poly,-0.5287226221421497,-0.651008977947438,-0.45444520803052213,-1.7067019817246094,-0.5181812719681027
163,SVR,65,0.3,poly,-0.530152902634524,-0.6530271193694581,-0.42026866386653605,-1.5339650966262566,-0.48152663816969676
164,SVR,65,0.4,poly,-0.5322994182609839,-0.6585982628408422,-0.44663444229893745,-1.4717792025666565,-0.42533325989250925
165,SVR,65,0.5,poly,-0.5199883692616374,-0.6521619154884879,-0.41779476980205277,-1.4400308377760287,-0.47199830140445065
166,SVR,70,0.1,poly,-0.27997194524377544,-0.40770629013186666,-0.2451745686953597,-1.1415525366870054,-0.25415741514914236
167,SVR,70,0.2,poly,-0.2815038702812127,-0.42408979476302266,-0.21815940830697955,-1.0346344904868023,-0.27916004411685735
168,SVR,70,0.3,poly,-0.28043838693167444,-0.38660546059229506,-0.21663007985913119,-0.9529109398019187,-0.22135187537517442
169,SVR,70,0.4,poly,-0.28299495188232715,-0.3858169703590253,-0.21757053393921666,-0.9254214015454545,-0.18149792457786829
170,SVR,70,0.5,poly,-0.2850279315866855,-0.3991829022448048,-0.21413736312758913,-1.0882308527161628,-0.2455289706276529
171,SVR,75,0.1,poly,-0.10295867964975836,-0.19055230943720036,-0.050401871083874505,-0.6367598435775379,-0.07966205938170612
172,SVR,75,0.2,poly,-0.10184382608418296,-0.18309931403774438,-0.0318430834614889,-0.488028815811149,-0.05462045312907171
173,SVR,75,0.3,poly,-0.10152925315866779,-0.198806908930659,-0.03128691342409451,-0.43333314768981945,-0.05438649505171944
174,SVR,75,0.4,poly,-0.10231649553764122,-0.19908924601022848,-0.030445783148594474,-0.4629637089221441,-0.026975548965748164
175,SVR,75,0.5,poly,-0.10693896834512495,-0.19783422412304663,-0.028513850927494255,-0.5811184786328902,-0.073364144890542
176,SVR,80,0.1,poly,0.016363366393471246,-0.04164561755992824,0.04807906331280676,-0.2435094940195821,0.02828884287306377
177,SVR,80,0.2,poly,0.015087286369138364,-0.036347426088333856,0.05664407653392034,-0.17271399993436432,0.04325168277034863
178,SVR,80,0.3,poly,0.016334659770815385,-0.03485814546440125,0.05491635533536754,-0.12955963909120305,0.04336971849324722
179,SVR,80,0.4,poly,0.016316771923823192,-0.03606775441900756,0.057102412466738306,-0.14737825007049232,0.05758326620632703
180,SVR,80,0.5,poly,0.01713685098422224,-0.035001407691178654,0.05863818458092407,-0.19851793881826651,0.032708453273157634
181,SVR,85,0.1,poly,-29.429291332685935,0.04502438352183247,-1.023522991125024,-0.005822977854827771,-29.1142021581021
182,SVR,85,0.2,poly,-29.323441257246994,0.03931824226154457,-0.9265825050561494,0.02964817484245863,-29.08732485580899
183,SVR,85,0.3,poly,-29.269305842041398,0.03901475214858485,-1.1267913277948538,0.04764623564729242,-29.136979593556887
184,SVR,85,0.4,poly,-29.38184305021524,0.04667535447845417,-1.123280667329284,0.022438498487888814,-29.04200163219953
185,SVR,85,0.5,poly,-29.399508854273165,0.05395723778161032,-1.0446685712989372,-0.005955364127465668,-28.2223872501296
186,SVR,90,0.1,poly,-27.084053985495295,0.08275838431837235,-0.5295341070011379,0.07399147675037088,-26.863511329845096
187,SVR,90,0.2,poly,-26.507166913387348,0.08329083348682642,-0.5299975205697756,0.07519610944367827,-26.857618652740005
188,SVR,90,0.3,poly,-26.06252856571027,0.0833331426751791,-0.48074064289908747,0.07289567225894389,-26.769295565289454
189,SVR,90,0.4,poly,-26.85464786720691,0.08327721872090954,-0.5183743830786078,0.07055607153882171,-27.05959347658015
190,SVR,90,0.5,poly,-26.799826808392616,0.08337750356815266,-0.42550511822389536,0.07454480953782705,-25.81454796568416
191,SVR,95,0.1,poly,-24.709431240220326,-0.9140989583075225,-0.23228878117705265,-0.009046091664721034,-25.127769682131518
192,SVR,95,0.2,poly,-24.741005834829924,-0.9222732627716101,-0.23079157569504183,-0.028192254625035496,-25.076369585948584
193,SVR,95,0.3,poly,-25.39099821983614,-0.9082539989742313,-0.23023460259695305,-0.06657317856361167,-25.097039151611597
194,SVR,95,0.4,poly,-25.068622910558716,-0.9179379580996063,-0.1932469820345084,-0.048061901754227865,-24.06471950550168
195,SVR,95,0.5,poly,-24.994089474082983,-0.8419186249023527,-0.15795356975278585,-0.043100259699724974,-24.952832830958915
196,SVR,100,0.1,poly,-21.712827763023405,-0.6174122352379099,-0.003366678587851668,-0.166043868156599,-23.121012236370504
197,SVR,100,0.2,poly,-22.299476134918073,-0.6142724626109328,-0.002352629690273833,-0.198537527292578,-23.07195584995333
198,SVR,100,0.3,poly,-22.67954763734502,-0.5690667606909141,0.012215932734793267,-0.2634333701825815,-22.62374356547527
199,SVR,100,0.4,poly,-22.743166257205125,-0.6146138802774106,0.03907507415922795,-0.23435863466834572,-22.065437752959035
200,SVR,100,0.5,poly,-22.585213645833267,-0.5090783522487947,0.04247100989495711,-0.2807822776535449,-22.076749627581666
201,SVR,5,0.1,rbf,-0.21093732497911222,-0.21134511296601333,-0.21286867269085685,-0.21787775754059502,-0.21057055520685508
202,SVR,5,0.2,rbf,-0.21091165758305208,-0.21133617849273723,-0.21285023814656578,-0.21787114404266283,-0.2105504529548472
203,SVR,5,0.3,rbf,-0.21090576361797653,-0.21132353225066236,-0.21284784840590798,-0.2178527165103712,-0.21052744862748685
204,SVR,5,0.4,rbf,-0.21090534695084062,-0.21132353225066236,-0.21282778275716296,-0.21784396617315815,-0.21049215838982738
205,SVR,5,0.5,rbf,-0.21085262190846543,-0.2113267181889964,-0.21281807829637156,-0.2178101083462416,-0.21047898474919946
206,SVR,10,0.1,rbf,-0.20946646464893282,-0.20976949972767556,-0.21148864415244684,-0.21649201202672086,-0.20912528144684628
207,SVR,10,0.2,rbf,-0.20941520508063816,-0.20975165727330758,-0.21145109622503333,-0.21647353325510998,-0.20908512513995814
208,SVR,10,0.3,rbf,-0.20940343554392715,-0.20972640181520763,-0.21144797134022486,-0.21643672506428246,-0.20903918235550845
209,SVR,10,0.4,rbf,-0.2094025988782129,-0.20972640181520763,-0.2114458045006613,-0.21641924842125526,-0.20896870357872777
210,SVR,10,0.5,rbf,-0.20929731174616495,-0.2097327640120208,-0.21136641044493398,-0.216351622056284,-0.20894239241328827
211,SVR,15,0.1,rbf,-0.20799760556765734,-0.20819607025468412,-0.21010856287455137,-0.21510527904141985,-0.2076818106980567
212,SVR,15,0.2,rbf,-0.207920829050952,-0.20816934631141026,-0.21005231158318494,-0.21504787175703632,-0.20762164853341525
213,SVR,15,0.3,rbf,-0.2079032023360503,-0.20813151866333635,-0.21004762934062393,-0.2150224556571616,-0.20755283316214657
214,SVR,15,0.4,rbf,-0.20790194234031123,-0.20813151866333635,-0.21004438428470507,-0.21499627673971955,-0.2074472675447827
215,SVR,15,0.5,rbf,-0.20774425607129698,-0.20814104743877282,-0.2099254445791403,-0.2148949711255559,-0.20740785497034886
216,SVR,20,0.1,rbf,-0.20696513515388903,-0.20662482454704234,-0.20873015714689092,-0.21372019672215137,-0.20624014296048454
217,SVR,20,0.2,rbf,-0.20678495538263908,-0.2065892456070455,-0.20862753433738623,-0.21364375222587495,-0.20616002313521675
218,SVR,20,0.3,rbf,-0.2067621288034227,-0.20653888279504828,-0.20864901334752828,-0.21361973374797993,-0.20606840104740076
219,SVR,20,0.4,rbf,-0.20675549848238384,-0.20653888279504828,-0.20864469354420523,-0.21357505112855146,-0.20592785028799065
220,SVR,20,0.5,rbf,-0.20661120226122653,-0.20655156846925316,-0.20848630910748644,-0.2134419563116221,-0.20587537242038034
221,SVR,25,0.1,rbf,-0.20560798047619788,-0.20505576260474734,-0.2074620355881529,-0.2123405826160889,-0.20480027823413116
222,SVR,25,0.2,rbf,-0.20538306122198002,-0.20494849421034322,-0.20726757672803564,-0.2122413326355308,-0.20470024894536287
223,SVR,25,0.3,rbf,-0.20535457229064846,-0.20494849421034322,-0.20725446380949264,-0.21221135131396474,-0.2045858860112726
224,SVR,25,0.4,rbf,-0.2053462933191561,-0.20494849421034322,-0.20723953929851935,-0.21216764972326985,-0.2044104518083536
225,SVR,25,0.5,rbf,-0.20516620605305147,-0.2049643271034607,-0.2071049235967486,-0.21198942539557097,-0.20434494476338227
226,SVR,30,0.1,rbf,-0.20425246906786088,-0.20348888442780222,-0.20610854050848348,-0.21095956026452067,-0.20336221651899655
227,SVR,30,0.2,rbf,-0.2039829325146123,-0.20336035290922028,-0.20587547752355406,-0.21084061298600454,-0.20324232596385539
228,SVR,30,0.3,rbf,-0.20394879894824247,-0.20336035290922028,-0.2058597634201338,-0.2108046855310881,-0.20310528805375827
229,SVR,30,0.4,rbf,-0.20393887489821916,-0.20336035290922028,-0.20584187667815845,-0.2107523159503879,-0.2028950721058702
230,SVR,30,0.5,rbf,-0.20372310979130326,-0.2033793233413963,-0.20568054824916793,-0.21055429700657746,-0.202816571999356
231,SVR,35,0.1,rbf,-0.20289860092887735,-0.201924190016203,-0.20465199364439313,-0.20958018695438563,-0.20192595781507983
232,SVR,35,0.2,rbf,-0.20258456926053658,-0.20177445889168188,-0.20462134436137358,-0.2094415932772955,-0.20178625419069252
233,SVR,35,0.3,rbf,-0.20254480877620362,-0.20177445889168188,-0.2046157896622176,-0.2093997363993505,-0.20162660717486114
234,SVR,35,0.4,rbf,-0.2025332432195719,-0.20179835047732397,-0.20447624279703103,-0.20933872293802236,-0.2013571754895056
235,SVR,35,0.5,rbf,-0.20228191347598234,-0.20179655718305956,-0.2042799474643251,-0.2091080096324236,-0.20129025412830082
236,SVR,40,0.1,rbf,-0.20154637605924908,-0.20036167936995297,-0.2032930192140774,-0.20820246268568243,-0.20049892483339216
237,SVR,40,0.2,rbf,-0.2011879714597531,-0.20019081215772583,-0.20325493419273366,-0.20804977942680125,-0.20033203362587582
238,SVR,40,0.3,rbf,-0.20114260177453303,-0.20019081215772583,-0.20324859270573326,-0.2079965039187508,-0.2001498433745812
239,SVR,40,0.4,rbf,-0.20112939828321585,-0.20021807600090247,-0.20308940292901778,-0.20792687068617322,-0.19984236628837726
240,SVR,40,0.5,rbf,-0.2008426171070885,-0.2002160286284509,-0.2029121981516102,-0.20766355124607538,-0.1997659911502161
241,SVR,45,0.1,rbf,-0.20019579445897473,-0.19893285073601974,-0.20212448549246487,-0.20682638745841309,-0.19895080926326658
242,SVR,45,0.2,rbf,-0.19979313911226204,-0.19860941270735277,-0.20191003587934864,-0.20665484143192647,-0.19888729865531474
243,SVR,45,0.3,rbf,-0.19974217794323046,-0.19860941270735277,-0.20190295886610277,-0.20659498808929055,-0.19867499665291533
244,SVR,45,0.4,rbf,-0.19972734008914905,-0.19864003860153256,-0.20171005867416003,-0.20651675919484092,-0.19832958537584267
245,SVR,45,0.5,rbf,-0.19940522068462174,-0.1986377376775701,-0.20148763684059978,-0.2062209218475326,-0.19824378306510382
246,SVR,50,0.1,rbf,-0.19884685612805453,-0.1973890915204961,-0.2009580559870212,-0.20545196127257714,-0.19750811143076463
247,SVR,50,0.2,rbf,-0.19840007221806255,-0.19721979629690334,-0.20039508549767615,-0.20526160195398635,-0.19743761898007572
248,SVR,50,0.3,rbf,-0.19834353728229548,-0.19703026054056338,-0.20038719778066771,-0.20519518891096844,-0.19720206700986664
249,SVR,50,0.4,rbf,-0.1983270686373737,-0.19706423827921382,-0.20036837960190268,-0.20510838846402502,-0.19681883275190448
250,SVR,50,0.5,rbf,-0.1979697242085816,-0.19706168433041693,-0.20006537086575715,-0.20478012143679614,-0.19672362987296155
251,SVR,55,0.1,rbf,-0.19741730215634057,-0.19584747066706054,-0.19973812578557437,-0.20407918412817372,-0.1960672478698695
252,SVR,55,0.2,rbf,-0.19700877077715484,-0.1956614841014297,-0.19911896433163379,-0.20387006099298044,-0.1959897885547386
253,SVR,55,0.3,rbf,-0.1969466797917283,-0.1956614841014297,-0.19912401815590708,-0.20380465312336815,-0.1956783655034473
254,SVR,55,0.4,rbf,-0.1969285839278887,-0.1957048467380338,-0.1991041656554886,-0.20370175849372552,-0.1953101084165607
255,SVR,55,0.5,rbf,-0.19653612767896922,-0.19548786858699185,-0.1986716361823817,-0.20334115001386577,-0.1952055315737906
256,SVR,60,0.1,rbf,-0.1960642367835841,-0.19430798817571393,-0.198427728314015,-0.20270805602520436,-0.19462821858057966
257,SVR,60,0.2,rbf,-0.19561923478953958,-0.19410535357355707,-0.1977725520485527,-0.2024802185489083,-0.194543807379304
258,SVR,60,0.3,rbf,-0.19555160547152917,-0.19410535357355707,-0.19775865503801415,-0.20240896473131476,-0.19391801282159826
259,SVR,60,0.4,rbf,-0.19553188596069337,-0.19415262677169443,-0.19773702291044315,-0.20229686928394264,-0.19381442689043027
260,SVR,60,0.5,rbf,-0.19510443109578324,-0.19411455788215415,-0.197265749051996,-0.20190400757874127,-0.19368948816759057
261,SVR,65,0.1,rbf,-0.1947128254305477,-0.19277064404645472,-0.1971188662270955,-0.20133857696366708,-0.19320240873852268
262,SVR,65,0.2,rbf,-0.1942314642552161,-0.19255140471328458,-0.19641001207106568,-0.2010920746217706,-0.19309967545377105
263,SVR,65,0.3,rbf,-0.19415831432169806,-0.19255140471328458,-0.19639497102476033,-0.20101499155985914,-0.19242271051102366
264,SVR,65,0.4,rbf,-0.1941369747357884,-0.19260258322356605,-0.1963715634609744,-0.20089372083467616,-0.19231066208073955
265,SVR,65,0.5,rbf,-0.193674634459025,-0.1925613929478256,-0.19586164129649353,-0.20046869413142354,-0.19218745085850375
266,SVR,70,0.1,rbf,-0.19341554482789314,-0.19123543827928424,-0.19576945694809922,-0.19997074694356298,-0.1916693444031794
267,SVR,70,0.2,rbf,-0.19286553570883846,-0.19099963752061422,-0.19511421446842925,-0.19970562921156754,-0.1916693444031794
268,SVR,70,0.3,rbf,-0.19276680634223453,-0.19099963752061422,-0.19505630347179825,-0.19962273360900173,-0.19094164601000996
269,SVR,70,0.4,rbf,-0.19274385025317464,-0.19105471609364688,-0.19501771541834567,-0.1992585983854931,-0.19080892326299148
270,SVR,70,0.5,rbf,-0.19224673776869317,-0.19101041228113358,-0.19471485841257863,-0.19903520967191102,-0.19067642030771137
271,SVR,75,0.1,rbf,-0.19207112983531438,-0.18970237087420294,-0.19446072183225516,-0.1986045659648923,-0.19022974942199822
272,SVR,75,0.2,rbf,-0.19162853066706642,-0.18945005199554465,-0.19375954884508007,-0.19832088231829825,-0.19022974942199844
273,SVR,75,0.3,rbf,-0.19137708153313837,-0.18945005199554465,-0.19370897704452839,-0.1982321908787421,-0.18945120127694426
274,SVR,75,0.4,rbf,-0.19135251251285013,-0.1895090253819398,-0.19365628383558087,-0.19785261865708192,-0.18932280434206028
275,SVR,75,0.5,rbf,-0.1908207410247893,-0.189461615882077,-0.19333221228482533,-0.19745165180921487,-0.18916744232790084
276,SVR,80,0.1,rbf,-0.19072836086020506,-0.18867004654925656,-0.19317421703891968,-0.1972400340276541,-0.1887920016583271
277,SVR,80,0.2,rbf,-0.19025696392393732,-0.1882296708749407,-0.19252389004053416,-0.19693783394196318,-0.18879200165832644
278,SVR,80,0.3,rbf,-0.19015800195644372,-0.1879026481380759,-0.19250379807081242,-0.19684336336908048,-0.18796275425535502
279,SVR,80,0.4,rbf,-0.18996296151481684,-0.1879655110884435,-0.192335228854581,-0.19643904108800325,-0.1878260052841234
280,SVR,80,0.5,rbf,-0.18939664422731162,-0.18791500375065606,-0.19197146621210215,-0.1960119056323384,-0.18767493775523247
281,SVR,85,0.1,rbf,-0.1893872379025645,-0.18718293318458823,-0.19186984681410846,-0.19594462263074797,-0.18735610111216383
282,SVR,85,0.2,rbf,-0.1888871318036771,-0.18670426271083884,-0.1911797229654797,-0.1956189014983618,-0.18735610111216405
283,SVR,85,0.3,rbf,-0.18878215894759087,-0.18670426271083884,-0.19118741273949724,-0.19545625108001707,-0.1861759975078583
284,SVR,85,0.4,rbf,-0.18857519725907368,-0.18642417321315796,-0.19097952928724427,-0.19502724808394278,-0.1863312299075781
285,SVR,85,0.5,rbf,-0.18797444737626146,-0.1864422503910892,-0.19059353045711092,-0.1945740143349035,-0.18617094655035227
286,SVR,90,0.1,rbf,-0.18804776096239162,-0.18568706688308012,-0.19056701844755453,-0.19460236551650367,-0.1859220477835084
287,SVR,90,0.2,rbf,-0.18751903430628447,-0.1851809626972447,-0.1898371975824651,-0.19424279769576036,-0.18592204778350818
288,SVR,90,0.3,rbf,-0.18740807105976853,-0.1851809626972447,-0.18984532581283564,-0.19407085401155166,-0.18467434401563776
289,SVR,90,0.4,rbf,-0.1873604248170675,-0.1850767440640344,-0.18963913353964323,-0.193631369221978,-0.18477506260917154
290,SVR,90,0.5,rbf,-0.18655415047163837,-0.18464004842000392,-0.1892173255481997,-0.19314998556899643,-0.18466900560241917
291,SVR,95,0.1,rbf,-0.18670993003968728,-0.18419322835712282,-0.1892771984797199,-0.19324742852909327,-0.1844898416723617
292,SVR,95,0.2,rbf,-0.1861526714317605,-0.1836597708341572,-0.18853062642860685,-0.1928683786242229,-0.1844898416723617
293,SVR,95,0.3,rbf,-0.18603573829297626,-0.1836597708341572,-0.18851584195899718,-0.19268717216368403,-0.18317473970709375
294,SVR,95,0.4,rbf,-0.1860100461429317,-0.1835499388573234,-0.18847976994062043,-0.19222391389866056,-0.18328090580431233
295,SVR,95,0.5,rbf,-0.18529607048344876,-0.1830896213315838,-0.18785316592608048,-0.19173122377433782,-0.18316911491143228
296,SVR,100,0.1,rbf,-0.1854402157359205,-0.18270141760671854,-0.1879780486021052,-0.19189412428265196,-0.18305948277872242
297,SVR,100,0.2,rbf,-0.184788043180105,-0.18214068712158005,-0.18719315020947613,-0.19151242270866553,-0.18305948277872264
298,SVR,100,0.3,rbf,-0.18466516064721428,-0.18214068712158005,-0.18717760414609375,-0.1913052055364146,-0.18167718458222604
299,SVR,100,0.4,rbf,-0.1846381322656252,-0.18202526038853506,-0.1871545432870394,-0.19085691124879745,-0.18178878260694664
300,SVR,100,0.5,rbf,-0.18388776605906854,-0.1815413882429182,-0.18664741938044394,-0.19030030882740911,-0.18167127447739229
301,SVR,5,0.1,sigmoid,0.03894536728733311,0.0398467143153457,0.042240759423048946,0.03551140097804151,0.03938636481430302
302,SVR,5,0.2,sigmoid,0.03894536728733311,0.0398467143153457,0.042240759423048946,0.03551140097804151,0.03938636481430302
303,SVR,5,0.3,sigmoid,0.03894536728733311,0.0398467143153457,0.042240759423048946,0.03551140097804151,0.03938636481430302
304,SVR,5,0.4,sigmoid,0.03894536728733311,0.0398467143153457,0.042240759423048946,0.03551140097804151,0.03938636481430302
305,SVR,5,0.5,sigmoid,0.03894536728733311,0.0398467143153457,0.042240759423048946,0.03551140097804151,0.03938636481430302
306,SVR,10,0.1,sigmoid,0.06845239529307301,0.07183357891962161,0.07690843638729561,0.0667980577085624,0.07244235148585654
307,SVR,10,0.2,sigmoid,0.06845239529307301,0.07183357891962161,0.07690843638729561,0.0667980577085624,0.07244235148585654
308,SVR,10,0.3,sigmoid,0.06845239529307301,0.07183357891962161,0.07690843638729561,0.0667980577085624,0.07244235148585654
309,SVR,10,0.4,sigmoid,0.06845239529307301,0.07183357891962161,0.07690843638729561,0.0667980577085624,0.07244235148585654
310,SVR,10,0.5,sigmoid,0.06845239529307301,0.07183357891962161,0.07690843638729561,0.0667980577085624,0.07244235148585654
311,SVR,15,0.1,sigmoid,-0.17743152471956591,-0.14830436220926058,-0.1302943581064948,-0.1714810838784302,-0.17214882187454417
312,SVR,15,0.2,sigmoid,-0.17743152471956591,-0.14830436220926058,-0.1302943581064948,-0.1714810838784302,-0.17214882187454417
313,SVR,15,0.3,sigmoid,-0.17743152471956591,-0.14830436220926058,-0.1302943581064948,-0.1714810838784302,-0.17214882187454417
314,SVR,15,0.4,sigmoid,-0.17743152471956591,-0.14830436220926058,-0.1302943581064948,-0.1714810838784302,-0.17214882187454417
315,SVR,15,0.5,sigmoid,-0.17743152471956591,-0.14830436220926058,-0.1302943581064948,-0.1714810838784302,-0.17214882187454417
316,SVR,20,0.1,sigmoid,-0.6107168662530253,-0.5313910751758264,-0.5281634724638902,-0.567953111539764,-0.6020498801616414
317,SVR,20,0.2,sigmoid,-0.6107168662530253,-0.5313910751758264,-0.5281634724638902,-0.567953111539764,-0.6020498801616414
318,SVR,20,0.3,sigmoid,-0.6107168662530253,-0.5313910751758264,-0.5281634724638902,-0.567953111539764,-0.6020498801616414
319,SVR,20,0.4,sigmoid,-0.6107168662530253,-0.5313910751758264,-0.5281634724638902,-0.567953111539764,-0.6020498801616414
320,SVR,20,0.5,sigmoid,-0.6107168662530253,-0.5313910751758264,-0.5281634724638902,-0.567953111539764,-0.6020498801616414
321,SVR,25,0.1,sigmoid,-0.6831715911864631,-0.5871524662517049,-0.606819255799016,-0.6331059293110561,-0.6832409546529694
322,SVR,25,0.2,sigmoid,-0.6831715911864631,-0.5871524662517049,-0.606819255799016,-0.6331059293110561,-0.6832409546529694
323,SVR,25,0.3,sigmoid,-0.6831715911864631,-0.5871524662517049,-0.606819255799016,-0.6331059293110561,-0.6832409546529694
324,SVR,25,0.4,sigmoid,-0.6831715911864631,-0.5871524662517049,-0.606819255799016,-0.6331059293110561,-0.6832409546529694
325,SVR,25,0.5,sigmoid,-0.6831715911864631,-0.5871524662517049,-0.606819255799016,-0.6331059293110561,-0.6832409546529694
326,SVR,30,0.1,sigmoid,-0.5627796877311493,-0.43156395884256793,-0.65916457360138,-0.4901022226096601,-0.5551185823616336
327,SVR,30,0.2,sigmoid,-0.5627796877311493,-0.43156395884256793,-0.65916457360138,-0.4901022226096601,-0.5551185823616336
328,SVR,30,0.3,sigmoid,-0.5627796877311493,-0.43156395884256793,-0.65916457360138,-0.4901022226096601,-0.5551185823616336
329,SVR,30,0.4,sigmoid,-0.5627796877311493,-0.43156395884256793,-0.65916457360138,-0.4901022226096601,-0.5551185823616336
330,SVR,30,0.5,sigmoid,-0.5627796877311493,-0.43156395884256793,-0.65916457360138,-0.4901022226096601,-0.5551185823616336
331,SVR,35,0.1,sigmoid,-0.38698522809043645,-0.30896601580968786,-0.44517331019604356,-0.3487220140782312,-0.35679587550127856
332,SVR,35,0.2,sigmoid,-0.38698522809043645,-0.30896601580968786,-0.44517331019604356,-0.3487220140782312,-0.35679587550127856
333,SVR,35,0.3,sigmoid,-0.38698522809043645,-0.30896601580968786,-0.44517331019604356,-0.3487220140782312,-0.35679587550127856
334,SVR,35,0.4,sigmoid,-0.38698522809043645,-0.30896601580968786,-0.44517331019604334,-0.3487220140782312,-0.35679587550127856
335,SVR,35,0.5,sigmoid,-0.38698522809043645,-0.30896601580968786,-0.44517331019604356,-0.3487220140782312,-0.35679587550127856
336,SVR,40,0.1,sigmoid,-0.4794553404030373,-0.4625204703204606,-0.6066999546000162,-0.48436303791947544,-0.4867232897508891
337,SVR,40,0.2,sigmoid,-0.4794553404030373,-0.4625204703204606,-0.6066999546000162,-0.48436303791947544,-0.4867232897508891
338,SVR,40,0.3,sigmoid,-0.4794553404030373,-0.4625204703204606,-0.6066999546000162,-0.48436303791947544,-0.4867232897508891
339,SVR,40,0.4,sigmoid,-0.4794553404030373,-0.4625204703204606,-0.6066999546000162,-0.48436303791947544,-0.4867232897508891
340,SVR,40,0.5,sigmoid,-0.4794553404030373,-0.4625204703204606,-0.6066999546000162,-0.48436303791947544,-0.4867232897508891
341,SVR,45,0.1,sigmoid,-0.794280676798732,-0.8459698695775812,-0.8354729460600168,-0.7904309381672063,-0.778324549258713
342,SVR,45,0.2,sigmoid,-0.794280676798732,-0.8459698695775812,-0.8354729460600168,-0.7904309381672063,-0.778324549258713
343,SVR,45,0.3,sigmoid,-0.794280676798732,-0.8459698695775812,-0.8354729460600168,-0.7904309381672063,-0.778324549258713
344,SVR,45,0.4,sigmoid,-0.794280676798732,-0.8459698695775812,-0.8354729460600168,-0.7904309381672063,-0.778324549258713
345,SVR,45,0.5,sigmoid,-0.794280676798732,-0.8459698695775812,-0.8354729460600168,-0.7904309381672063,-0.778324549258713
346,SVR,50,0.1,sigmoid,-1.2674682892534883,-1.4158951737679848,-1.0597568529961117,-1.329679313919491,-1.2956012930474285
347,SVR,50,0.2,sigmoid,-1.2674682892534883,-1.4158951737679848,-1.0597568529961117,-1.329679313919491,-1.2956012930474285
348,SVR,50,0.3,sigmoid,-1.2674682892534888,-1.4158951737679848,-1.0597568529961117,-1.3296793139194913,-1.295601293047429
349,SVR,50,0.4,sigmoid,-1.2674682892534883,-1.4158951737679848,-1.0597568529961117,-1.329679313919491,-1.2956012930474285
350,SVR,50,0.5,sigmoid,-1.2674682892534883,-1.4158951737679848,-1.0597568529961117,-1.329679313919491,-1.2956012930474285
351,SVR,55,0.1,sigmoid,-1.8047464303140845,-2.0387457499617794,-1.3894068989436428,-1.9881073130878861,-1.957376288597549
352,SVR,55,0.2,sigmoid,-1.8047464303140845,-2.0387457499617794,-1.3894068989436428,-1.9881073130878861,-1.957376288597549
353,SVR,55,0.3,sigmoid,-1.8047464303140845,-2.0387457499617794,-1.3894068989436428,-1.9881073130878861,-1.957376288597549
354,SVR,55,0.4,sigmoid,-1.8047464303140845,-2.0387457499617794,-1.3894068989436428,-1.9881073130878861,-1.957376288597549
355,SVR,55,0.5,sigmoid,-1.8047464303140845,-2.0387457499617794,-1.3894068989436428,-1.9881073130878861,-1.957376288597549
356,SVR,60,0.1,sigmoid,-2.6171284178485674,-2.8067178542617928,-1.7824882100336494,-2.6037410070657714,-2.7160267004466028
357,SVR,60,0.2,sigmoid,-2.6171284178485674,-2.8067178542617928,-1.7824882100336494,-2.6037410070657714,-2.7160267004466028
358,SVR,60,0.3,sigmoid,-2.6171284178485674,-2.8067178542617928,-1.7824882100336494,-2.6037410070657714,-2.7160267004466028
359,SVR,60,0.4,sigmoid,-2.6171284178485674,-2.8067178542617928,-1.7824882100336494,-2.6037410070657714,-2.7160267004466028
360,SVR,60,0.5,sigmoid,-2.6171284178485674,-2.8067178542617928,-1.7824882100336494,-2.6037410070657714,-2.7160267004466028
361,SVR,65,0.1,sigmoid,-3.578592792261328,-3.546158095528374,-2.1794273134241404,-3.6000223711096613,-3.567578459700673
362,SVR,65,0.2,sigmoid,-3.578592792261328,-3.546158095528374,-2.1794273134241404,-3.6000223711096613,-3.567578459700673
363,SVR,65,0.3,sigmoid,-3.578592792261328,-3.546158095528374,-2.1794273134241404,-3.6000223711096613,-3.567578459700673
364,SVR,65,0.4,sigmoid,-3.578592792261328,-3.546158095528374,-2.1794273134241404,-3.6000223711096613,-3.567578459700673
365,SVR,65,0.5,sigmoid,-3.578592792261328,-3.546158095528374,-2.1794273134241404,-3.6000223711096613,-3.567578459700673
366,SVR,70,0.1,sigmoid,-4.571221361813461,-3.5274496133354107,-2.62062180588845,-4.55722253307354,-4.517489465825065
367,SVR,70,0.2,sigmoid,-4.571221361813461,-3.5274496133354107,-2.62062180588845,-4.55722253307354,-4.517489465825065
368,SVR,70,0.3,sigmoid,-4.571221361813461,-3.5274496133354107,-2.62062180588845,-4.55722253307354,-4.517489465825065
369,SVR,70,0.4,sigmoid,-4.571221361813461,-3.5274496133354107,-2.62062180588845,-4.55722253307354,-4.517489465825065
370,SVR,70,0.5,sigmoid,-4.571221361813461,-3.5274496133354107,-2.62062180588845,-4.55722253307354,-4.517489465825065
371,SVR,75,0.1,sigmoid,-5.343162983464085,-3.847144599033798,-3.0988542471963525,-5.447977519441386,-5.3203785035582545
372,SVR,75,0.2,sigmoid,-5.343162983464085,-3.847144599033798,-3.0988542471963525,-5.447977519441386,-5.3203785035582545
373,SVR,75,0.3,sigmoid,-5.343162983464085,-3.847144599033798,-3.0988542471963525,-5.447977519441386,-5.3203785035582545
374,SVR,75,0.4,sigmoid,-5.3429162424804355,-3.847144599033798,-3.0988542471963525,-5.447977519441386,-5.3203785035582545
375,SVR,75,0.5,sigmoid,-5.3429162424804355,-3.847144599033798,-3.0988542471963525,-5.447977519441386,-5.3203785035582545
376,SVR,80,0.1,sigmoid,-6.491268169554642,-4.878851323852098,-3.663103594107729,-6.229029667808455,-6.105089453578156
377,SVR,80,0.2,sigmoid,-6.491268169554642,-4.878851323852098,-3.663103594107729,-6.229029667808455,-6.105089453578156
378,SVR,80,0.3,sigmoid,-6.491268169554642,-4.878851323852098,-3.663103594107729,-6.229029667808455,-6.105089453578156
379,SVR,80,0.4,sigmoid,-6.491268169554642,-4.878851323852098,-3.663103594107729,-6.229029667808455,-6.105089453578156
380,SVR,80,0.5,sigmoid,-6.491268169554642,-4.878849818699316,-3.663103594107729,-6.229022609379458,-6.105089453578156
381,SVR,85,0.1,sigmoid,-7.594519199254373,-4.433036060746439,-4.216353423089722,-6.7299512808134265,-7.131956616893319
382,SVR,85,0.2,sigmoid,-7.594519199254373,-4.433039142839048,-4.216353423089722,-6.730408051534714,-7.131956616893319
383,SVR,85,0.3,sigmoid,-7.594519199254373,-4.433039142839048,-4.216353423089722,-6.730408051534714,-7.131956616893319
384,SVR,85,0.4,sigmoid,-7.594519199254373,-4.433039142839048,-4.216353423089722,-6.730408051534714,-7.131956616893319
385,SVR,85,0.5,sigmoid,-7.594519199254373,-4.433039142839048,-4.216353423089722,-6.730408051534714,-7.131956616893319
386,SVR,90,0.1,sigmoid,-8.570192485515538,-5.544278636390815,-4.919927786167838,-8.66568668078566,-8.084988396619956
387,SVR,90,0.2,sigmoid,-8.570192485515543,-5.544278636390815,-4.919927786167838,-8.665686680785665,-8.084988396619956
388,SVR,90,0.3,sigmoid,-8.570192485515543,-5.544278636390815,-4.919927786167838,-8.66568668078566,-8.084988396619956
389,SVR,90,0.4,sigmoid,-8.570192485515543,-5.544278636390815,-4.919927786167838,-8.665686680785665,-8.084988396619956
390,SVR,90,0.5,sigmoid,-8.570192485515543,-5.544278636390815,-4.919927786167838,-8.665686680785662,-8.084988396619956
391,SVR,95,0.1,sigmoid,-10.218659188431335,-5.805593131222778,-6.135743377198063,-9.374702466138555,-8.868717500059256
392,SVR,95,0.2,sigmoid,-10.218659188431339,-5.805593131222778,-6.135743377198063,-9.374702466138558,-8.868717500059262
393,SVR,95,0.3,sigmoid,-10.218659188431339,-5.805593131222778,-6.135743377198063,-9.374702466138558,-8.868714703089378
394,SVR,95,0.4,sigmoid,-10.21865918843134,-5.805593131222778,-6.135743377198063,-9.374702466138562,-8.868714703089378
395,SVR,95,0.5,sigmoid,-10.218659188431339,-5.805593131222778,-6.135743377198063,-9.374702466138558,-8.868714703089378
396,SVR,100,0.1,sigmoid,-11.328301734199517,-7.103623393610043,-7.991758166648822,-10.637679329052236,-10.010962588664977
397,SVR,100,0.2,sigmoid,-11.32830173419952,-7.103623393610043,-7.991758166648822,-10.637679329052242,-10.010959329567164
398,SVR,100,0.3,sigmoid,-11.32830173419952,-7.103623393610043,-7.991758166648822,-10.637679329052242,-10.010959329567164
399,SVR,100,0.4,sigmoid,-11.328301734199524,-7.103623393610043,-7.991758166648822,-10.637668217828804,-10.010959329567168
400,SVR,100,0.5,sigmoid,-11.32830173419952,-7.103623393610043,-7.991758166648822,-10.637668217828802,-10.010959329567164
